pass,cpu,freq_khz,dur_ns
1,0,400000,345450000
1,0,1000000,3799950000
1,0,1600000,2763600000
1,1,400000,352500000
1,1,1000000,3877500000
1,1,1600000,2820000000
1,2,400000,359550000
1,2,1000000,3955050000
1,2,1600000,2876400000
1,3,400000,2109450000
1,3,1000000,3917550000
1,4,400000,2152500000
1,4,1000000,3997500000
1,5,400000,2195550000
1,5,1000000,4077450000
1,6,600000,2021250000
1,6,1200000,1653750000
1,7,600000,2062500000
1,7,1200000,1687500000
1,8,600000,2103750000
1,8,1200000,1721250000
2,0,400000,345450000
2,0,1000000,3799950000
2,0,1600000,2763600000
2,1,400000,352500000
2,1,1000000,3877500000
2,1,1600000,2820000000
2,2,400000,359550000
2,2,1000000,3955050000
2,2,1600000,2876400000
2,3,400000,2109450000
2,3,1000000,3917550000
2,4,400000,2152500000
2,4,1000000,3997500000
2,5,400000,2195550000
2,5,1000000,4077450000
2,6,600000,2021250000
2,6,1200000,1653750000
2,7,600000,2062500000
2,7,1200000,1687500000
2,8,600000,2103750000
2,8,1200000,1721250000
3,0,400000,690900000
3,0,1000000,5527200000
3,0,1600000,690900000
3,1,400000,705000000
3,1,1000000,5640000000
3,1,1600000,705000000
3,2,400000,719100000
3,2,1000000,5752800000
3,2,1600000,719100000
3,3,400000,2109450000
3,3,1000000,3917550000
3,4,400000,2152500000
3,4,1000000,3997500000
3,5,400000,2195550000
3,5,1000000,4077450000
3,6,600000,2021250000
3,6,1200000,1653750000
3,7,600000,2062500000
3,7,1200000,1687500000
3,8,600000,2103750000
3,8,1200000,1721250000
