pass,cpu,state,dur_ns
1,0,running,6909000000
1,0,WFI,3600000000
1,0,C2,4491000000
1,1,running,7050000000
1,1,WFI,3600000000
1,1,C2,4350000000
1,2,running,7191000000
1,2,WFI,3600000000
1,2,C2,4209000000
1,3,running,6027000000
1,3,WFI,4050000000
1,3,C2,4923000000
1,4,running,6150000000
1,4,WFI,4050000000
1,4,C2,4800000000
1,5,running,6273000000
1,5,WFI,4050000000
1,5,C2,4677000000
1,6,running,3675000000
1,6,WFI,5100000000
1,6,C2,6225000000
1,7,running,3750000000
1,7,WFI,5100000000
1,7,C2,6150000000
1,8,running,3825000000
1,8,WFI,5100000000
1,8,C2,6075000000
1,9,running,0
1,9,WFI,6750000000
1,9,C2,8250000000
2,0,running,6909000000
2,0,WFI,3600000000
2,0,C2,4491000000
2,1,running,7050000000
2,1,WFI,3600000000
2,1,C2,4350000000
2,2,running,7191000000
2,2,WFI,3600000000
2,2,C2,4209000000
2,3,running,6027000000
2,3,WFI,4050000000
2,3,C2,4923000000
2,4,running,6150000000
2,4,WFI,4050000000
2,4,C2,4800000000
2,5,running,6273000000
2,5,WFI,4050000000
2,5,C2,4677000000
2,6,running,3675000000
2,6,WFI,5100000000
2,6,C2,6225000000
2,7,running,3750000000
2,7,WFI,5100000000
2,7,C2,6150000000
2,8,running,3825000000
2,8,WFI,5100000000
2,8,C2,6075000000
2,9,running,0
2,9,WFI,6750000000
2,9,C2,8250000000
3,0,running,6909000000
3,0,WFI,3600000000
3,0,C2,4491000000
3,1,running,7050000000
3,1,WFI,3600000000
3,1,C2,4350000000
3,2,running,7191000000
3,2,WFI,3600000000
3,2,C2,4209000000
3,3,running,6027000000
3,3,WFI,4050000000
3,3,C2,4923000000
3,4,running,6150000000
3,4,WFI,4050000000
3,4,C2,4800000000
3,5,running,6273000000
3,5,WFI,4050000000
3,5,C2,4677000000
3,6,running,3675000000
3,6,WFI,5100000000
3,6,C2,6225000000
3,7,running,3750000000
3,7,WFI,5100000000
3,7,C2,6150000000
3,8,running,3825000000
3,8,WFI,5100000000
3,8,C2,6075000000
3,9,running,0
3,9,WFI,6750000000
3,9,C2,8250000000
