# SYNTHETIC rows for bw_fit (label, read/write MB/s from DMC, memory rail power, MIF level)
label,read_mbs,write_mbs,mif_mhz,mem_power_mw
scn00,5945,1348,845,465.2
scn01,1991,855,2730,317.1
scn02,3445,1784,1539,403.9
scn03,5073,3484,2730,672.8
scn04,3239,1437,845,322.3
scn05,6536,1069,845,472.5
scn06,1821,4076,2730,536.9
scn07,6891,4491,2730,840.5
scn08,7411,2593,2730,738.4
scn09,8091,1209,845,564.5
scn10,5212,1884,845,455.2
scn11,4659,4301,1539,636.1
scn12,4132,3257,2730,597.8
scn13,8368,920,2730,670.3
