cpu,state,dur_ns
0,running,2967032967
0,WFI,10813186813
0,C2,16219780219
1,running,4945054945
1,WFI,10021978021
1,C2,15032967032
2,running,1236263736
2,WFI,11505494505
2,C2,17258241758
3,running,2960526315
3,WFI,10815789473
3,C2,16223684210
4,running,4144736842
4,WFI,10342105263
4,C2,15513157894
5,running,1480263157
5,WFI,11407894736
5,C2,17111842105
6,running,7134146341
6,WFI,9146341463
6,C2,13719512195
7,running,4115853658
7,WFI,10353658536
7,C2,15530487804
8,running,2743902439
8,WFI,10902439024
8,C2,16353658536
9,running,0
9,WFI,600000000
9,C2,29400000000
