cpu,freq_khz,dur_ns
0,400000,10500000000
0,1000000,13500000000
0,1600000,6000000000
1,400000,10500000000
1,1000000,13500000000
1,1600000,6000000000
2,400000,10500000000
2,1000000,13500000000
2,1600000,6000000000
3,400000,15000000000
3,1000000,12000000000
3,1600000,3000000000
4,400000,15000000000
4,1000000,12000000000
4,1600000,3000000000
5,400000,15000000000
5,1000000,12000000000
5,1600000,3000000000
6,600000,3000000000
6,1200000,10500000000
6,2000000,13500000000
6,2600000,3000000000
7,600000,3000000000
7,1200000,10500000000
7,2000000,13500000000
7,2600000,3000000000
8,600000,3000000000
8,1200000,10500000000
8,2000000,13500000000
8,2600000,3000000000
9,1000000,30000000000
