# simpleperf-like per-thread/per-core counter dump (SYNTHETIC, Exynos2600 cpu ids: 0-2 MID_LF0, 3-5 MID_LF1, 6-8 MID_HF, 9 BIG)
Performance counter statistics:

count	event	thread	tid	cpu
2,700,000,000	cpu-cycles	CamHAL_3A_CRTA	2098	0
1,652,400,000	instructions	CamHAL_3A_CRTA	2098	0
864,000,000	stalled-cycles-backend	CamHAL_3A_CRTA	2098	0
27,000,000	bus-access	CamHAL_3A_CRTA	2098	0
2,700,000,000	cpu-cycles	CamHAL_3A_CRTA	2098	1
1,652,400,000	instructions	CamHAL_3A_CRTA	2098	1
864,000,000	stalled-cycles-backend	CamHAL_3A_CRTA	2098	1
27,000,000	bus-access	CamHAL_3A_CRTA	2098	1
8,100,000,000	cpu-cycles	CamHAL_EIS	2067	6
7,581,600,000	instructions	CamHAL_EIS	2067	6
2,268,000,000	stalled-cycles-backend	CamHAL_EIS	2067	6
113,400,000	bus-access	CamHAL_EIS	2067	6
3,150,000,000	cpu-cycles	CamHAL_EIS_Warp	2068	7
2,646,000,000	instructions	CamHAL_EIS_Warp	2068	7
945,000,000	stalled-cycles-backend	CamHAL_EIS_Warp	2068	7
50,400,000	bus-access	CamHAL_EIS_Warp	2068	7
3,600,000,000	cpu-cycles	CamHAL_PostIRTA	2021	6
3,153,600,000	instructions	CamHAL_PostIRTA	2021	6
972,000,000	stalled-cycles-backend	CamHAL_PostIRTA	2021	6
43,200,000	bus-access	CamHAL_PostIRTA	2021	6
3,600,000,000	cpu-cycles	CamHAL_PostIRTA	2021	7
3,153,600,000	instructions	CamHAL_PostIRTA	2021	7
972,000,000	stalled-cycles-backend	CamHAL_PostIRTA	2021	7
43,200,000	bus-access	CamHAL_PostIRTA	2021	7
4,500,000,000	cpu-cycles	CamHAL_PostIRTA_W1	2022	8
3,942,000,000	instructions	CamHAL_PostIRTA_W1	2022	8
1,215,000,000	stalled-cycles-backend	CamHAL_PostIRTA_W1	2022	8
54,000,000	bus-access	CamHAL_PostIRTA_W1	2022	8
2,250,000,000	cpu-cycles	MediaCodec_mux	2044	3
1,080,000,000	instructions	MediaCodec_mux	2044	3
900,000,000	stalled-cycles-backend	MediaCodec_mux	2044	3
40,500,000	bus-access	MediaCodec_mux	2044	3
1,350,000,000	cpu-cycles	C2_venc_ctrl	2051	4
745,875,000	instructions	C2_venc_ctrl	2051	4
472,500,000	stalled-cycles-backend	C2_venc_ctrl	2051	4
16,200,000	bus-access	C2_venc_ctrl	2051	4
1,800,000,000	cpu-cycles	surfaceflinger	1002	1
1,260,000,000	instructions	surfaceflinger	1002	1
540,000,000	stalled-cycles-backend	surfaceflinger	1002	1
18,000,000	bus-access	surfaceflinger	1002	1
1,800,000,000	cpu-cycles	surfaceflinger	1002	4
1,260,000,000	instructions	surfaceflinger	1002	4
540,000,000	stalled-cycles-backend	surfaceflinger	1002	4
18,000,000	bus-access	surfaceflinger	1002	4
1,125,000,000	cpu-cycles	RenderThread	2086	2
928,125,000	instructions	RenderThread	2086	2
281,250,000	stalled-cycles-backend	RenderThread	2086	2
9,000,000	bus-access	RenderThread	2086	2
1,125,000,000	cpu-cycles	RenderThread	2086	5
928,125,000	instructions	RenderThread	2086	5
281,250,000	stalled-cycles-backend	RenderThread	2086	5
9,000,000	bus-access	RenderThread	2086	5
