pass,domain,basis,freq_khz,dur_ns
1,DSU,wall,400000,4500000000
1,DSU,wall,900000,10500000000
1,DSU,running,400000,1350000000
1,DSU,running,900000,7650000000
1,GPU,wall,226000,8250000000
1,GPU,wall,262000,3750000000
1,GPU,wall,356000,2250000000
1,GPU,wall,461000,750000000
1,GPU,running,226000,1155000000
1,GPU,running,262000,990000000
1,GPU,running,356000,825000000
1,GPU,running,461000,330000000
2,DSU,wall,400000,4500000000
2,DSU,wall,900000,10500000000
2,DSU,running,400000,1350000000
2,DSU,running,900000,7650000000
2,GPU,wall,226000,8250000000
2,GPU,wall,262000,3750000000
2,GPU,wall,356000,2250000000
2,GPU,wall,461000,750000000
2,GPU,running,226000,1155000000
2,GPU,running,262000,990000000
2,GPU,running,356000,825000000
2,GPU,running,461000,330000000
3,DSU,wall,400000,4500000000
3,DSU,wall,900000,10500000000
3,DSU,running,400000,1350000000
3,DSU,running,900000,7650000000
3,GPU,wall,226000,8250000000
3,GPU,wall,262000,3750000000
3,GPU,wall,356000,2250000000
3,GPU,wall,461000,750000000
3,GPU,running,226000,1155000000
3,GPU,running,262000,990000000
3,GPU,running,356000,825000000
3,GPU,running,461000,330000000
