pass	cluster	thread	event	count
1	MID_HF	(other)	CPU_CYCLES	784080000
1	MID_HF	(other)	INST_RETIRED	588060000
1	MID_HF	(other)	STALL_BACKEND_MEM	196020000
1	MID_LF0	(other)	CPU_CYCLES	1368576000
1	MID_LF0	(other)	INST_RETIRED	1026432000
1	MID_LF0	(other)	STALL_BACKEND_MEM	342144000
1	MID_LF1	(other)	CPU_CYCLES	1140480000
1	MID_LF1	(other)	INST_RETIRED	855360000
1	MID_LF1	(other)	STALL_BACKEND_MEM	285120000
1	MID_LF0	aaa_ae_awb	CPU_CYCLES	3918369946
1	MID_LF0	aaa_ae_awb	INST_RETIRED	3056328559
1	MID_LF0	aaa_ae_awb	STALL_BACKEND_MEM	691477034
1	MID_LF0	af_algo	CPU_CYCLES	1669358577
1	MID_LF0	af_algo	INST_RETIRED	1302099693
1	MID_LF0	af_algo	STALL_BACKEND_MEM	294592711
1	MID_LF1	audio_hal	CPU_CYCLES	519727740
1	MID_LF1	audio_hal	INST_RETIRED	405387626
1	MID_LF1	audio_hal	STALL_BACKEND_MEM	91716644
1	MID_LF1	c2_encoder	CPU_CYCLES	1705135613
1	MID_LF1	c2_encoder	INST_RETIRED	1330005768
1	MID_LF1	c2_encoder	STALL_BACKEND_MEM	300906292
1	MID_LF0	camera_hal_request	CPU_CYCLES	4843256547
1	MID_LF0	camera_hal_request	INST_RETIRED	3777740119
1	MID_LF0	camera_hal_request	STALL_BACKEND_MEM	854692329
1	MID_LF0	camera_hal_result	CPU_CYCLES	3070329644
1	MID_LF0	camera_hal_result	INST_RETIRED	2394857154
1	MID_LF0	camera_hal_result	STALL_BACKEND_MEM	541822892
1	MID_LF0	eis	CPU_CYCLES	2467143360
1	MID_LF0	eis	INST_RETIRED	1924371821
1	MID_LF0	eis	STALL_BACKEND_MEM	435378240
1	MID_LF0	face_det_post	CPU_CYCLES	2205819163
1	MID_LF0	face_det_post	INST_RETIRED	1720538954
1	MID_LF0	face_det_post	STALL_BACKEND_MEM	389262218
1	MID_LF1	mpeg_writer	CPU_CYCLES	269616600
1	MID_LF1	mpeg_writer	INST_RETIRED	210300948
1	MID_LF1	mpeg_writer	STALL_BACKEND_MEM	47579400
1	MID_LF0	post_crta	CPU_CYCLES	249622560
1	MID_LF0	post_crta	INST_RETIRED	194705597
1	MID_LF0	post_crta	STALL_BACKEND_MEM	44051040
1	MID_LF0	post_irta	CPU_CYCLES	3225099240
1	MID_LF0	post_irta	INST_RETIRED	2515577407
1	MID_LF0	post_irta	STALL_BACKEND_MEM	569135160
1	MID_LF0	pre_me_rta	CPU_CYCLES	2564084160
1	MID_LF0	pre_me_rta	INST_RETIRED	1999985645
1	MID_LF0	pre_me_rta	STALL_BACKEND_MEM	452485440
1	MID_LF1	storage_write	CPU_CYCLES	518633280
1	MID_LF1	storage_write	INST_RETIRED	404533958
1	MID_LF1	storage_write	STALL_BACKEND_MEM	91523520
1	MID_LF1	surfaceflinger	CPU_CYCLES	2316955242
1	MID_LF1	surfaceflinger	INST_RETIRED	1807225101
1	MID_LF1	surfaceflinger	STALL_BACKEND_MEM	408874465
2	MID_HF	(other)	CPU_CYCLES	792000000
2	MID_HF	(other)	INST_RETIRED	594000000
2	MID_LF0	(other)	CPU_CYCLES	1382400000
2	MID_LF0	(other)	INST_RETIRED	1036800000
2	MID_LF1	(other)	CPU_CYCLES	1152000000
2	MID_LF1	(other)	INST_RETIRED	864000000
2	MID_LF0	aaa_ae_awb	CPU_CYCLES	3957949440
2	MID_LF0	aaa_ae_awb	INST_RETIRED	3087200565
2	MID_LF0	af_algo	CPU_CYCLES	1686220785
2	MID_LF0	af_algo	INST_RETIRED	1315252215
2	MID_LF1	audio_hal	CPU_CYCLES	524977515
2	MID_LF1	audio_hal	INST_RETIRED	409482450
2	MID_LF1	c2_encoder	CPU_CYCLES	1722359205
2	MID_LF1	c2_encoder	INST_RETIRED	1343440170
2	MID_LF0	camera_hal_request	CPU_CYCLES	4892178330
2	MID_LF0	camera_hal_request	INST_RETIRED	3815899110
2	MID_LF0	camera_hal_result	CPU_CYCLES	3101343075
2	MID_LF0	camera_hal_result	INST_RETIRED	2419047630
2	MID_LF0	eis	CPU_CYCLES	2492064000
2	MID_LF0	eis	INST_RETIRED	1943809920
2	MID_LF0	face_det_post	CPU_CYCLES	2228100165
2	MID_LF0	face_det_post	INST_RETIRED	1737918135
2	MID_LF1	mpeg_writer	CPU_CYCLES	272340000
2	MID_LF1	mpeg_writer	INST_RETIRED	212425200
2	MID_LF0	post_crta	CPU_CYCLES	252144000
2	MID_LF0	post_crta	INST_RETIRED	196672320
2	MID_LF0	post_irta	CPU_CYCLES	3257676000
2	MID_LF0	post_irta	INST_RETIRED	2540987280
2	MID_LF0	pre_me_rta	CPU_CYCLES	2589984000
2	MID_LF0	pre_me_rta	INST_RETIRED	2020187520
2	MID_LF1	storage_write	CPU_CYCLES	523872000
2	MID_LF1	storage_write	INST_RETIRED	408620160
2	MID_LF1	surfaceflinger	CPU_CYCLES	2340358830
2	MID_LF1	surfaceflinger	INST_RETIRED	1825479900
3	MID_HF	(other)	CPU_CYCLES	799920000
3	MID_HF	(other)	INST_RETIRED	599940000
3	MID_HF	(other)	BUS_ACCESS	3124688
3	MID_LF0	(other)	CPU_CYCLES	1396224000
3	MID_LF0	(other)	INST_RETIRED	1047168000
3	MID_LF0	(other)	BUS_ACCESS	6817500
3	MID_LF1	(other)	CPU_CYCLES	1163520000
3	MID_LF1	(other)	INST_RETIRED	872640000
3	MID_LF1	(other)	BUS_ACCESS	5681250
3	MID_LF0	aaa_ae_awb	CPU_CYCLES	3997528934
3	MID_LF0	aaa_ae_awb	INST_RETIRED	3118072571
3	MID_LF0	aaa_ae_awb	BUS_ACCESS	25260121
3	MID_LF0	af_algo	CPU_CYCLES	1703082993
3	MID_LF0	af_algo	INST_RETIRED	1328404737
3	MID_LF0	af_algo	BUS_ACCESS	10761669
3	MID_LF1	audio_hal	CPU_CYCLES	530227290
3	MID_LF1	audio_hal	INST_RETIRED	413577274
3	MID_LF1	audio_hal	BUS_ACCESS	3350471
3	MID_LF1	c2_encoder	CPU_CYCLES	1739582797
3	MID_LF1	c2_encoder	INST_RETIRED	1356874572
3	MID_LF1	c2_encoder	BUS_ACCESS	10992308
3	MID_LF0	camera_hal_request	CPU_CYCLES	4941100113
3	MID_LF0	camera_hal_request	INST_RETIRED	3854058101
3	MID_LF0	camera_hal_request	BUS_ACCESS	31222485
3	MID_LF0	camera_hal_result	CPU_CYCLES	3132356506
3	MID_LF0	camera_hal_result	INST_RETIRED	2443238106
3	MID_LF0	camera_hal_result	BUS_ACCESS	19793153
3	MID_LF0	eis	CPU_CYCLES	2516984640
3	MID_LF0	eis	INST_RETIRED	1963248019
3	MID_LF0	eis	BUS_ACCESS	15904659
3	MID_LF0	face_det_post	CPU_CYCLES	2250381167
3	MID_LF0	face_det_post	INST_RETIRED	1755297316
3	MID_LF0	face_det_post	BUS_ACCESS	14220010
3	MID_LF1	mpeg_writer	CPU_CYCLES	275063400
3	MID_LF1	mpeg_writer	INST_RETIRED	214549452
3	MID_LF1	mpeg_writer	BUS_ACCESS	1738107
3	MID_LF0	post_crta	CPU_CYCLES	254665440
3	MID_LF0	post_crta	INST_RETIRED	198639043
3	MID_LF0	post_crta	BUS_ACCESS	1609214
3	MID_LF0	post_irta	CPU_CYCLES	3290252760
3	MID_LF0	post_irta	INST_RETIRED	2566397153
3	MID_LF0	post_irta	BUS_ACCESS	20790889
3	MID_LF0	pre_me_rta	CPU_CYCLES	2615883840
3	MID_LF0	pre_me_rta	INST_RETIRED	2040389395
3	MID_LF0	pre_me_rta	BUS_ACCESS	16529597
3	MID_LF1	storage_write	CPU_CYCLES	529110720
3	MID_LF1	storage_write	INST_RETIRED	412706362
3	MID_LF1	storage_write	BUS_ACCESS	3343416
3	MID_LF1	surfaceflinger	CPU_CYCLES	2363762418
3	MID_LF1	surfaceflinger	INST_RETIRED	1843734699
3	MID_LF1	surfaceflinger	BUS_ACCESS	14936459
